time,latitude,longitude,depth,temperature
2016-06-30 04:00:00+00:00,27.3969,128.5646,2.0,27.91
2016-06-30 04:00:00+00:00,27.3969,128.5646,3.0,27.745
2016-06-30 04:00:00+00:00,27.3969,128.5646,4.0,27.745
2016-06-30 04:00:00+00:00,27.3969,128.5646,11.0,27.322
2016-06-30 04:00:00+00:00,27.3969,128.5646,12.0,27.168
2016-06-30 04:00:00+00:00,27.3969,128.5646,13.0,27.125
2016-06-30 04:00:00+00:00,27.3969,128.5646,15.0,26.894
2016-06-30 04:00:00+00:00,27.3969,128.5646,17.0,26.58
2016-06-30 04:00:00+00:00,27.3969,128.5646,18.0,26.51
2016-07-01 04:00:00+00:00,27.3669,128.4809,2.0,27.17
2016-07-01 04:00:00+00:00,27.3669,128.4809,3.0,27.031
2016-07-01 04:00:00+00:00,27.3669,128.4809,5.0,26.82
2016-07-01 04:00:00+00:00,27.3669,128.4809,7.0,26.684
2016-07-01 04:00:00+00:00,27.3669,128.4809,8.0,26.699
2016-07-01 04:00:00+00:00,27.3669,128.4809,9.0,26.641
2016-07-01 04:00:00+00:00,27.3669,128.4809,12.0,26.617
2016-07-01 04:00:00+00:00,27.3669,128.4809,17.0,26.526
2016-07-01 04:00:00+00:00,27.3669,128.4809,18.0,26.496
2016-07-07 12:00:00+00:00,27.4014,128.5835,2.0,27.35
2016-07-07 12:00:00+00:00,27.4014,128.5835,3.0,27.328
2016-07-07 12:00:00+00:00,27.4014,128.5835,5.0,27.337
2016-07-07 12:00:00+00:00,27.4014,128.5835,7.0,27.317
2016-07-07 12:00:00+00:00,27.4014,128.5835,8.0,27.327
2016-07-07 12:00:00+00:00,27.4014,128.5835,15.0,27.288
2016-07-07 12:00:00+00:00,27.4014,128.5835,16.0,27.274
2016-07-07 12:00:00+00:00,27.4014,128.5835,17.0,26.89
2016-07-07 12:00:00+00:00,27.4014,128.5835,18.0,26.957
2016-07-07 12:00:00+00:00,27.4014,128.5835,19.0,27.092
2016-07-11 08:00:00+00:00,27.3635,128.6073,2.0,28.32
2016-07-11 08:00:00+00:00,27.3635,128.6073,5.0,28.1
2016-07-11 08:00:00+00:00,27.3635,128.6073,6.0,27.846
2016-07-11 08:00:00+00:00,27.3635,128.6073,7.0,27.896
2016-07-11 08:00:00+00:00,27.3635,128.6073,9.0,27.569
2016-07-11 08:00:00+00:00,27.3635,128.6073,10.0,27.6
2016-07-11 08:00:00+00:00,27.3635,128.6073,12.0,27.234
2016-07-11 08:00:00+00:00,27.3635,128.6073,14.0,27.112
2016-07-11 08:00:00+00:00,27.3635,128.6073,18.0,26.483
2016-07-11 08:00:00+00:00,27.3635,128.6073,19.0,26.24
2016-07-13 20:00:00+00:00,27.4227,128.5591,2.0,28.61
2016-07-13 20:00:00+00:00,27.4227,128.5591,10.0,28.561
2016-07-13 20:00:00+00:00,27.4227,128.5591,16.0,27.96
2016-07-13 20:00:00+00:00,27.4227,128.5591,17.0,27.163
2016-07-13 20:00:00+00:00,27.4227,128.5591,19.0,27.96
2016-07-13 20:00:00+00:00,27.4227,128.5591,33.0,26.465
2016-07-13 20:00:00+00:00,27.4227,128.5591,75.0,25.024
2016-07-13 20:00:00+00:00,27.4227,128.5591,90.0,22.934
2016-07-13 20:00:00+00:00,27.4227,128.5591,92.0,23.773
2016-07-13 20:00:00+00:00,27.4227,128.5591,102.0,22.48
2016-07-14 08:00:00+00:00,27.5229,128.5978,2.0,28.35
2016-07-14 08:00:00+00:00,27.5229,128.5978,11.0,28.309
2016-07-14 08:00:00+00:00,27.5229,128.5978,21.0,27.788
2016-07-14 08:00:00+00:00,27.5229,128.5978,35.0,27.446
2016-07-14 08:00:00+00:00,27.5229,128.5978,37.0,27.103
2016-07-14 08:00:00+00:00,27.5229,128.5978,39.0,26.342
2016-07-14 08:00:00+00:00,27.5229,128.5978,49.0,24.819
2016-07-14 08:00:00+00:00,27.5229,128.5978,60.0,24.42
2016-07-14 08:00:00+00:00,27.5229,128.5978,73.0,23.296
2016-07-14 08:00:00+00:00,27.5229,128.5978,75.0,23.24
2016-07-14 12:00:00+00:00,27.6452,128.5554,2.0,28.5
2016-07-14 12:00:00+00:00,27.6452,128.5554,35.0,27.819
2016-07-14 12:00:00+00:00,27.6452,128.5554,39.0,27.468
2016-07-14 12:00:00+00:00,27.6452,128.5554,41.0,26.309
2016-07-14 12:00:00+00:00,27.6452,128.5554,46.0,25.315
2016-07-14 12:00:00+00:00,27.6452,128.5554,47.0,25.894
2016-07-14 12:00:00+00:00,27.6452,128.5554,68.0,24.35
2016-07-14 12:00:00+00:00,27.6452,128.5554,74.0,24.27
2016-07-14 12:00:00+00:00,27.6452,128.5554,75.0,24.617
2016-07-14 12:00:00+00:00,27.6452,128.5554,87.0,24.27
2016-07-17 08:00:00+00:00,29.3574,128.7693,2.0,30.1
2016-07-17 08:00:00+00:00,29.3574,128.7693,12.0,29.801
2016-07-17 08:00:00+00:00,29.3574,128.7693,14.0,29.574
2016-07-17 08:00:00+00:00,29.3574,128.7693,17.0,28.967
2016-07-17 08:00:00+00:00,29.3574,128.7693,21.0,28.542
2016-07-17 08:00:00+00:00,29.3574,128.7693,29.0,28.62
2016-07-17 08:00:00+00:00,29.3574,128.7693,38.0,28.165
2016-07-17 08:00:00+00:00,29.3574,128.7693,42.0,27.679
2016-07-17 08:00:00+00:00,29.3574,128.7693,44.0,27.57
2016-07-17 16:00:00+00:00,29.538,128.9503,2.0,29.99
2016-07-17 16:00:00+00:00,29.538,128.9503,8.0,29.953
2016-07-17 16:00:00+00:00,29.538,128.9503,15.0,28.853
2016-07-17 16:00:00+00:00,29.538,128.9503,21.0,28.117
2016-07-17 16:00:00+00:00,29.538,128.9503,27.0,28.019
2016-07-17 16:00:00+00:00,29.538,128.9503,36.0,27.658
2016-07-17 16:00:00+00:00,29.538,128.9503,40.0,27.766
2016-07-17 16:00:00+00:00,29.538,128.9503,44.0,27.212
2016-07-17 16:00:00+00:00,29.538,128.9503,45.0,26.944
2016-07-17 16:00:00+00:00,29.538,128.9503,46.0,26.91
2016-07-17 20:00:00+00:00,29.6545,129.0746,2.0,29.821
2016-07-17 20:00:00+00:00,29.6545,129.0746,7.0,29.83
2016-07-17 20:00:00+00:00,29.6545,129.0746,11.0,29.541
2016-07-17 20:00:00+00:00,29.6545,129.0746,16.0,28.554
2016-07-17 20:00:00+00:00,29.6545,129.0746,18.0,28.248
2016-07-17 20:00:00+00:00,29.6545,129.0746,19.0,27.989
2016-07-17 20:00:00+00:00,29.6545,129.0746,21.0,27.808
2016-07-17 20:00:00+00:00,29.6545,129.0746,26.0,27.845
2016-07-17 20:00:00+00:00,29.6545,129.0746,36.0,27.54
2016-07-17 20:00:00+00:00,29.6545,129.0746,38.0,27.638
2016-07-21 08:00:00+00:00,30.3388,131.2231,2.0,28.63
2016-07-21 08:00:00+00:00,30.3388,131.2231,19.0,26.564
2016-07-21 08:00:00+00:00,30.3388,131.2231,21.0,27.192
2016-07-21 08:00:00+00:00,30.3388,131.2231,27.0,26.966
2016-07-21 08:00:00+00:00,30.3388,131.2231,31.0,25.016
2016-07-21 08:00:00+00:00,30.3388,131.2231,40.0,23.819
2016-07-21 08:00:00+00:00,30.3388,131.2231,43.0,23.615
2016-07-21 08:00:00+00:00,30.3388,131.2231,45.0,24.359
2016-07-21 08:00:00+00:00,30.3388,131.2231,66.0,22.388
2016-07-21 08:00:00+00:00,30.3388,131.2231,92.0,21.33
2016-07-22 04:00:00+00:00,30.8093,131.5251,2.0,29.33
2016-07-22 04:00:00+00:00,30.8093,131.5251,9.0,28.882
2016-07-22 04:00:00+00:00,30.8093,131.5251,12.0,28.152
2016-07-22 04:00:00+00:00,30.8093,131.5251,16.0,28.0
2016-07-22 04:00:00+00:00,30.8093,131.5251,18.0,27.571
2016-07-22 04:00:00+00:00,30.8093,131.5251,20.0,27.734
2016-07-22 04:00:00+00:00,30.8093,131.5251,25.0,26.959
2016-07-22 04:00:00+00:00,30.8093,131.5251,27.0,27.092
2016-07-22 04:00:00+00:00,30.8093,131.5251,29.0,26.02
2016-07-22 04:00:00+00:00,30.8093,131.5251,38.0,25.53
2016-07-22 16:00:00+00:00,31.0415,131.5497,2.0,28.12
2016-07-22 16:00:00+00:00,31.0415,131.5497,4.0,27.682
2016-07-22 16:00:00+00:00,31.0415,131.5497,6.0,26.796
2016-07-22 16:00:00+00:00,31.0415,131.5497,9.0,26.324
2016-07-22 16:00:00+00:00,31.0415,131.5497,14.0,26.604
2016-07-22 16:00:00+00:00,31.0415,131.5497,21.0,26.009
2016-07-22 16:00:00+00:00,31.0415,131.5497,26.0,26.067
2016-07-22 16:00:00+00:00,31.0415,131.5497,33.0,25.26
2016-07-22 16:00:00+00:00,31.0415,131.5497,35.0,25.517
2016-07-22 16:00:00+00:00,31.0415,131.5497,37.0,25.26
2016-07-23 00:00:00+00:00,31.3297,131.6067,2.0,29.13
2016-07-23 00:00:00+00:00,31.3297,131.6067,17.0,26.947
2016-07-23 00:00:00+00:00,31.3297,131.6067,21.0,26.836
2016-07-23 00:00:00+00:00,31.3297,131.6067,27.0,25.645
2016-07-23 00:00:00+00:00,31.3297,131.6067,33.0,25.267
2016-07-23 00:00:00+00:00,31.3297,131.6067,35.0,24.601
2016-07-23 00:00:00+00:00,31.3297,131.6067,40.0,23.876
2016-07-23 00:00:00+00:00,31.3297,131.6067,41.0,23.291
2016-07-23 00:00:00+00:00,31.3297,131.6067,44.0,22.625
2016-07-23 00:00:00+00:00,31.3297,131.6067,50.0,21.73
2016-08-02 20:00:00+00:00,33.43,134.0514,2.0,28.02
2016-08-02 20:00:00+00:00,33.43,134.0514,12.0,27.488
2016-08-02 20:00:00+00:00,33.43,134.0514,18.0,26.176
2016-08-02 20:00:00+00:00,33.43,134.0514,19.0,26.592
2016-08-02 20:00:00+00:00,33.43,134.0514,20.0,26.253
2016-08-02 20:00:00+00:00,33.43,134.0514,21.0,24.83
2016-08-02 20:00:00+00:00,33.43,134.0514,24.0,25.285
2016-08-02 20:00:00+00:00,33.43,134.0514,26.0,24.526
2016-08-02 20:00:00+00:00,33.43,134.0514,27.0,23.253
2016-08-02 20:00:00+00:00,33.43,134.0514,28.0,23.18
2016-08-07 16:00:00+00:00,33.8293,134.797,2.0,27.93
2016-08-07 16:00:00+00:00,33.8293,134.797,6.0,26.484
2016-08-07 16:00:00+00:00,33.8293,134.797,21.0,24.76
2016-08-07 16:00:00+00:00,33.8293,134.797,45.0,23.278
2016-08-07 16:00:00+00:00,33.8293,134.797,51.0,22.255
2016-08-07 16:00:00+00:00,33.8293,134.797,52.0,20.809
2016-08-07 16:00:00+00:00,33.8293,134.797,57.0,19.722
2016-08-07 16:00:00+00:00,33.8293,134.797,62.0,20.144
2016-08-07 16:00:00+00:00,33.8293,134.797,63.0,19.435
2016-08-07 16:00:00+00:00,33.8293,134.797,66.0,18.95
2016-08-09 04:00:00+00:00,33.9652,134.8298,2.0,26.649
2016-08-09 04:00:00+00:00,33.9652,134.8298,13.0,26.096
2016-08-09 04:00:00+00:00,33.9652,134.8298,17.0,26.75
2016-08-09 04:00:00+00:00,33.9652,134.8298,34.0,23.948
2016-08-09 04:00:00+00:00,33.9652,134.8298,45.0,23.787
2016-08-09 04:00:00+00:00,33.9652,134.8298,46.0,23.179
2016-08-09 04:00:00+00:00,33.9652,134.8298,47.0,23.531
2016-08-09 04:00:00+00:00,33.9652,134.8298,53.0,22.193
2016-08-09 04:00:00+00:00,33.9652,134.8298,55.0,22.429
2016-08-09 04:00:00+00:00,33.9652,134.8298,58.0,21.72
2016-08-10 20:00:00+00:00,33.9644,134.9157,2.0,26.76
2016-08-10 20:00:00+00:00,33.9644,134.9157,9.0,26.642
2016-08-10 20:00:00+00:00,33.9644,134.9157,17.0,25.179
2016-08-10 20:00:00+00:00,33.9644,134.9157,21.0,26.085
2016-08-10 20:00:00+00:00,33.9644,134.9157,29.0,24.457
2016-08-10 20:00:00+00:00,33.9644,134.9157,40.0,23.439
2016-08-10 20:00:00+00:00,33.9644,134.9157,45.0,21.698
2016-08-10 20:00:00+00:00,33.9644,134.9157,47.0,21.533
2016-08-10 20:00:00+00:00,33.9644,134.9157,48.0,20.84
2016-08-10 20:00:00+00:00,33.9644,134.9157,51.0,20.858
2016-08-12 04:00:00+00:00,34.031,134.7948,2.0,26.46
2016-08-12 04:00:00+00:00,34.031,134.7948,8.0,25.31
2016-08-12 04:00:00+00:00,34.031,134.7948,26.0,24.658
2016-08-12 04:00:00+00:00,34.031,134.7948,36.0,23.953
2016-08-12 04:00:00+00:00,34.031,134.7948,37.0,23.434
2016-08-12 04:00:00+00:00,34.031,134.7948,38.0,23.9
2016-08-12 04:00:00+00:00,34.031,134.7948,39.0,22.989
2016-08-12 04:00:00+00:00,34.031,134.7948,43.0,22.39
2016-08-12 04:00:00+00:00,34.031,134.7948,47.0,20.196
2016-08-12 04:00:00+00:00,34.031,134.7948,56.0,19.81
2016-08-12 08:00:00+00:00,34.1083,134.7958,2.0,26.85
2016-08-12 08:00:00+00:00,34.1083,134.7958,3.0,26.175
2016-08-12 08:00:00+00:00,34.1083,134.7958,7.0,25.705
2016-08-12 08:00:00+00:00,34.1083,134.7958,38.0,23.501
2016-08-12 08:00:00+00:00,34.1083,134.7958,39.0,22.605
2016-08-12 08:00:00+00:00,34.1083,134.7958,40.0,22.833
2016-08-12 08:00:00+00:00,34.1083,134.7958,41.0,21.468
2016-08-12 08:00:00+00:00,34.1083,134.7958,42.0,21.859
2016-08-12 08:00:00+00:00,34.1083,134.7958,45.0,20.238
2016-08-12 08:00:00+00:00,34.1083,134.7958,51.0,19.74
2016-08-14 16:00:00+00:00,34.1916,134.9323,2.0,27.18
2016-08-14 16:00:00+00:00,34.1916,134.9323,6.0,26.026
2016-08-14 16:00:00+00:00,34.1916,134.9323,33.0,23.863
2016-08-14 16:00:00+00:00,34.1916,134.9323,39.0,23.827
2016-08-14 16:00:00+00:00,34.1916,134.9323,47.0,23.039
2016-08-14 16:00:00+00:00,34.1916,134.9323,48.0,22.514
2016-08-14 16:00:00+00:00,34.1916,134.9323,49.0,22.957
2016-08-14 16:00:00+00:00,34.1916,134.9323,51.0,22.349
2016-08-14 16:00:00+00:00,34.1916,134.9323,53.0,22.854
2016-08-14 16:00:00+00:00,34.1916,134.9323,55.0,22.03
2016-08-15 16:00:00+00:00,34.1009,134.6968,2.0,27.93
2016-08-15 16:00:00+00:00,34.1009,134.6968,11.0,26.17
2016-08-15 16:00:00+00:00,34.1009,134.6968,31.0,24.074
2016-08-15 16:00:00+00:00,34.1009,134.6968,33.0,24.415
2016-08-15 16:00:00+00:00,34.1009,134.6968,34.0,23.416
2016-08-15 16:00:00+00:00,34.1009,134.6968,35.0,24.074
2016-08-15 16:00:00+00:00,34.1009,134.6968,36.0,22.741
2016-08-15 16:00:00+00:00,34.1009,134.6968,37.0,23.313
2016-08-15 16:00:00+00:00,34.1009,134.6968,39.0,22.53
2016-08-15 16:00:00+00:00,34.1009,134.6968,43.0,22.53
2016-08-17 00:00:00+00:00,34.1112,134.745,2.0,26.29
2016-08-17 00:00:00+00:00,34.1112,134.745,4.0,26.141
2016-08-17 00:00:00+00:00,34.1112,134.745,6.0,26.165
2016-08-17 00:00:00+00:00,34.1112,134.745,20.0,25.588
2016-08-17 00:00:00+00:00,34.1112,134.745,23.0,25.313
2016-08-17 00:00:00+00:00,34.1112,134.745,24.0,24.931
2016-08-17 00:00:00+00:00,34.1112,134.745,25.0,25.04
2016-08-17 00:00:00+00:00,34.1112,134.745,27.0,24.3
2016-08-17 00:00:00+00:00,34.1112,134.745,29.0,24.658
2016-08-19 20:00:00+00:00,34.1372,134.7507,2.0,26.35
2016-08-19 20:00:00+00:00,34.1372,134.7507,22.0,25.78
2016-08-19 20:00:00+00:00,34.1372,134.7507,23.0,24.891
2016-08-19 20:00:00+00:00,34.1372,134.7507,26.0,24.341
2016-08-19 20:00:00+00:00,34.1372,134.7507,27.0,24.944
2016-08-19 20:00:00+00:00,34.1372,134.7507,28.0,23.925
2016-08-19 20:00:00+00:00,34.1372,134.7507,31.0,22.921
2016-08-19 20:00:00+00:00,34.1372,134.7507,32.0,23.375
2016-08-19 20:00:00+00:00,34.1372,134.7507,34.0,21.554
2016-08-19 20:00:00+00:00,34.1372,134.7507,38.0,21.52
2016-08-22 12:00:00+00:00,34.133,134.7826,2.0,26.57
2016-08-22 12:00:00+00:00,34.133,134.7826,13.0,26.169
2016-08-22 12:00:00+00:00,34.133,134.7826,23.0,24.926
2016-08-22 12:00:00+00:00,34.133,134.7826,35.0,24.174
2016-08-22 12:00:00+00:00,34.133,134.7826,36.0,23.333
2016-08-22 12:00:00+00:00,34.133,134.7826,37.0,23.909
2016-08-22 12:00:00+00:00,34.133,134.7826,38.0,23.157
2016-08-22 12:00:00+00:00,34.133,134.7826,41.0,22.604
2016-08-22 12:00:00+00:00,34.133,134.7826,42.0,21.558
2016-08-22 12:00:00+00:00,34.133,134.7826,44.0,20.92
2016-08-22 16:00:00+00:00,34.1343,134.7945,2.0,26.46
2016-08-22 16:00:00+00:00,34.1343,134.7945,17.0,25.638
2016-08-22 16:00:00+00:00,34.1343,134.7945,29.0,23.189
2016-08-22 16:00:00+00:00,34.1343,134.7945,30.0,23.831
2016-08-22 16:00:00+00:00,34.1343,134.7945,31.0,22.902
2016-08-22 16:00:00+00:00,34.1343,134.7945,32.0,23.211
2016-08-22 16:00:00+00:00,34.1343,134.7945,36.0,21.843
2016-08-22 16:00:00+00:00,34.1343,134.7945,37.0,22.328
2016-08-22 16:00:00+00:00,34.1343,134.7945,41.0,20.83
2016-08-22 16:00:00+00:00,34.1343,134.7945,43.0,21.157
2016-08-26 16:00:00+00:00,34.2446,135.0135,2.0,26.91
2016-08-26 16:00:00+00:00,34.2446,135.0135,3.0,26.604
2016-08-26 16:00:00+00:00,34.2446,135.0135,4.0,26.689
2016-08-26 16:00:00+00:00,34.2446,135.0135,8.0,26.322
2016-08-26 16:00:00+00:00,34.2446,135.0135,9.0,26.379
2016-08-26 16:00:00+00:00,34.2446,135.0135,15.0,26.056
2016-08-26 16:00:00+00:00,34.2446,135.0135,16.0,26.113
2016-08-26 16:00:00+00:00,34.2446,135.0135,25.0,25.912
2016-08-26 16:00:00+00:00,34.2446,135.0135,27.0,25.716
2016-08-30 16:00:00+00:00,34.3082,134.9303,2.0,25.77
2016-08-30 16:00:00+00:00,34.3082,134.9303,27.0,24.885
2016-08-30 16:00:00+00:00,34.3082,134.9303,28.0,24.574
2016-08-30 16:00:00+00:00,34.3082,134.9303,29.0,25.001
2016-08-30 16:00:00+00:00,34.3082,134.9303,30.0,25.007
2016-08-30 16:00:00+00:00,34.3082,134.9303,31.0,24.429
2016-08-30 16:00:00+00:00,34.3082,134.9303,32.0,24.581
2016-08-30 16:00:00+00:00,34.3082,134.9303,33.0,24.34
2016-08-30 16:00:00+00:00,34.3082,134.9303,40.0,24.15
2016-08-30 16:00:00+00:00,34.3082,134.9303,42.0,24.32
2016-09-02 12:00:00+00:00,34.3153,134.8784,2.0,26.12
2016-09-02 12:00:00+00:00,34.3153,134.8784,12.0,25.904
2016-09-02 12:00:00+00:00,34.3153,134.8784,13.0,25.964
2016-09-02 12:00:00+00:00,34.3153,134.8784,21.0,25.814
2016-09-02 12:00:00+00:00,34.3153,134.8784,23.0,25.814
2016-09-02 12:00:00+00:00,34.3153,134.8784,24.0,26.005
2016-09-02 12:00:00+00:00,34.3153,134.8784,25.0,25.908
2016-09-02 12:00:00+00:00,34.3153,134.8784,26.0,25.67
2016-09-02 12:00:00+00:00,34.3153,134.8784,27.0,25.866
2016-09-02 12:00:00+00:00,34.3153,134.8784,28.0,25.853
2016-09-08 20:00:00+00:00,34.3197,134.86,2.0,26.32
2016-09-08 20:00:00+00:00,34.3197,134.86,6.0,26.313
2016-09-08 20:00:00+00:00,34.3197,134.86,13.0,26.157
2016-09-08 20:00:00+00:00,34.3197,134.86,20.0,26.061
2016-09-08 20:00:00+00:00,34.3197,134.86,21.0,26.076
2016-09-08 20:00:00+00:00,34.3197,134.86,22.0,26.004
2016-09-08 20:00:00+00:00,34.3197,134.86,23.0,25.76
2016-09-08 20:00:00+00:00,34.3197,134.86,24.0,25.813
2016-09-08 20:00:00+00:00,34.3197,134.86,25.0,25.959
2016-09-08 20:00:00+00:00,34.3197,134.86,27.0,26.043
2016-09-11 20:00:00+00:00,34.3656,134.9395,2.0,26.63
2016-09-11 20:00:00+00:00,34.3656,134.9395,9.0,26.28
2016-09-11 20:00:00+00:00,34.3656,134.9395,28.0,26.256
2016-09-11 20:00:00+00:00,34.3656,134.9395,33.0,25.838
2016-09-11 20:00:00+00:00,34.3656,134.9395,34.0,25.472
2016-09-11 20:00:00+00:00,34.3656,134.9395,35.0,25.62
2016-09-11 20:00:00+00:00,34.3656,134.9395,37.0,25.193
2016-09-11 20:00:00+00:00,34.3656,134.9395,38.0,25.347
2016-09-11 20:00:00+00:00,34.3656,134.9395,42.0,24.844
2016-09-11 20:00:00+00:00,34.3656,134.9395,52.0,24.65
2016-09-15 08:00:00+00:00,34.2711,134.9399,2.0,26.521
2016-09-15 08:00:00+00:00,34.2711,134.9399,3.0,26.54
2016-09-15 08:00:00+00:00,34.2711,134.9399,10.0,26.431
2016-09-15 08:00:00+00:00,34.2711,134.9399,11.0,26.455
2016-09-15 08:00:00+00:00,34.2711,134.9399,12.0,26.423
2016-09-15 08:00:00+00:00,34.2711,134.9399,16.0,26.429
2016-09-15 08:00:00+00:00,34.2711,134.9399,19.0,26.295
2016-09-15 08:00:00+00:00,34.2711,134.9399,22.0,26.276
2016-09-15 08:00:00+00:00,34.2711,134.9399,25.0,26.067
2016-09-15 08:00:00+00:00,34.2711,134.9399,26.0,26.06
2016-09-15 16:00:00+00:00,34.2916,134.9366,2.0,26.14
2016-09-15 16:00:00+00:00,34.2916,134.9366,3.0,26.067
2016-09-15 16:00:00+00:00,34.2916,134.9366,4.0,26.099
2016-09-15 16:00:00+00:00,34.2916,134.9366,7.0,25.849
2016-09-15 16:00:00+00:00,34.2916,134.9366,9.0,25.742
2016-09-15 16:00:00+00:00,34.2916,134.9366,22.0,25.618
2016-09-15 16:00:00+00:00,34.2916,134.9366,24.0,25.562
2016-09-15 16:00:00+00:00,34.2916,134.9366,26.0,25.4
2016-09-15 16:00:00+00:00,34.2916,134.9366,27.0,25.632
2016-09-15 16:00:00+00:00,34.2916,134.9366,30.0,25.632
2016-09-17 20:00:00+00:00,34.3653,134.9468,2.0,26.23
2016-09-17 20:00:00+00:00,34.3653,134.9468,4.0,26.199
2016-09-17 20:00:00+00:00,34.3653,134.9468,10.0,25.916
2016-09-17 20:00:00+00:00,34.3653,134.9468,13.0,25.856
2016-09-17 20:00:00+00:00,34.3653,134.9468,26.0,25.729
2016-09-17 20:00:00+00:00,34.3653,134.9468,27.0,25.679
2016-09-17 20:00:00+00:00,34.3653,134.9468,34.0,25.599
2016-09-17 20:00:00+00:00,34.3653,134.9468,46.0,25.38
2016-09-17 20:00:00+00:00,34.3653,134.9468,48.0,25.422
2016-09-17 20:00:00+00:00,34.3653,134.9468,51.0,25.396
2016-09-26 16:00:00+00:00,34.3443,134.922,2.0,25.56
2016-09-26 16:00:00+00:00,34.3443,134.922,8.0,25.537
2016-09-26 16:00:00+00:00,34.3443,134.922,18.0,25.426
2016-09-26 16:00:00+00:00,34.3443,134.922,25.0,25.463
2016-09-26 16:00:00+00:00,34.3443,134.922,26.0,25.43
2016-09-26 16:00:00+00:00,34.3443,134.922,27.0,25.479
2016-09-26 16:00:00+00:00,34.3443,134.922,30.0,25.418
2016-09-26 16:00:00+00:00,34.3443,134.922,40.0,25.43
2016-09-26 16:00:00+00:00,34.3443,134.922,43.0,25.38
2016-09-26 16:00:00+00:00,34.3443,134.922,50.0,25.381
2016-09-27 04:00:00+00:00,34.3423,134.9266,2.0,25.601
2016-09-27 04:00:00+00:00,34.3423,134.9266,3.0,25.66
2016-09-27 04:00:00+00:00,34.3423,134.9266,4.0,25.566
2016-09-27 04:00:00+00:00,34.3423,134.9266,12.0,25.467
2016-09-27 04:00:00+00:00,34.3423,134.9266,25.0,25.461
2016-09-27 04:00:00+00:00,34.3423,134.9266,26.0,25.49
2016-09-27 04:00:00+00:00,34.3423,134.9266,27.0,25.477
2016-09-27 04:00:00+00:00,34.3423,134.9266,28.0,25.498
2016-09-27 04:00:00+00:00,34.3423,134.9266,30.0,25.468
2016-09-27 04:00:00+00:00,34.3423,134.9266,51.0,25.4
2016-10-05 20:00:00+00:00,34.2675,134.9738,2.0,25.37
2016-10-05 20:00:00+00:00,34.2675,134.9738,39.0,25.818
2016-10-05 20:00:00+00:00,34.2675,134.9738,59.0,25.836
2016-10-05 20:00:00+00:00,34.2675,134.9738,61.0,25.916
2016-10-05 20:00:00+00:00,34.2675,134.9738,64.0,25.854
2016-10-05 20:00:00+00:00,34.2675,134.9738,68.0,25.95
2016-10-05 20:00:00+00:00,34.2675,134.9738,76.0,25.77
2016-10-05 20:00:00+00:00,34.2675,134.9738,77.0,25.583
2016-10-05 20:00:00+00:00,34.2675,134.9738,80.0,25.927
2016-10-05 20:00:00+00:00,34.2675,134.9738,82.0,25.934
2016-10-07 12:00:00+00:00,34.1808,134.8918,2.0,25.361
2016-10-07 12:00:00+00:00,34.1808,134.8918,28.0,25.591
2016-10-07 12:00:00+00:00,34.1808,134.8918,39.0,25.9
2016-10-07 12:00:00+00:00,34.1808,134.8918,43.0,25.67
2016-10-07 12:00:00+00:00,34.1808,134.8918,45.0,25.019
2016-10-07 12:00:00+00:00,34.1808,134.8918,46.0,25.407
2016-10-07 12:00:00+00:00,34.1808,134.8918,47.0,24.797
2016-10-07 12:00:00+00:00,34.1808,134.8918,49.0,24.751
2016-10-07 12:00:00+00:00,34.1808,134.8918,53.0,24.141
2016-10-07 12:00:00+00:00,34.1808,134.8918,64.0,23.88
2016-10-09 04:00:00+00:00,34.176,134.7752,2.0,25.396
2016-10-09 04:00:00+00:00,34.176,134.7752,4.0,25.469
2016-10-09 04:00:00+00:00,34.176,134.7752,5.0,25.446
2016-10-09 04:00:00+00:00,34.176,134.7752,9.0,25.522
2016-10-09 04:00:00+00:00,34.176,134.7752,17.0,25.55
2016-10-09 04:00:00+00:00,34.176,134.7752,31.0,25.439
2016-10-09 04:00:00+00:00,34.176,134.7752,35.0,25.393
2016-10-09 04:00:00+00:00,34.176,134.7752,37.0,25.324
2016-10-09 04:00:00+00:00,34.176,134.7752,38.0,25.32
2016-10-09 12:00:00+00:00,34.188,134.7773,2.0,25.34
2016-10-09 12:00:00+00:00,34.188,134.7773,3.0,25.462
2016-10-09 12:00:00+00:00,34.188,134.7773,4.0,25.417
2016-10-09 12:00:00+00:00,34.188,134.7773,7.0,25.484
2016-10-09 12:00:00+00:00,34.188,134.7773,16.0,25.54
2016-10-09 12:00:00+00:00,34.188,134.7773,29.0,25.54
2016-10-09 12:00:00+00:00,34.188,134.7773,33.0,25.506
2016-10-09 12:00:00+00:00,34.188,134.7773,35.0,25.466
2016-10-09 12:00:00+00:00,34.188,134.7773,36.0,25.406
2016-10-09 12:00:00+00:00,34.188,134.7773,38.0,25.423
2016-10-11 04:00:00+00:00,34.2626,134.8593,2.0,24.94
2016-10-11 04:00:00+00:00,34.2626,134.8593,15.0,25.008
2016-10-11 04:00:00+00:00,34.2626,134.8593,16.0,25.089
2016-10-11 04:00:00+00:00,34.2626,134.8593,30.0,25.227
2016-10-11 04:00:00+00:00,34.2626,134.8593,31.0,25.135
2016-10-11 04:00:00+00:00,34.2626,134.8593,32.0,25.29
2016-10-11 04:00:00+00:00,34.2626,134.8593,34.0,25.114
2016-10-11 04:00:00+00:00,34.2626,134.8593,35.0,25.286
2016-10-11 04:00:00+00:00,34.2626,134.8593,36.0,25.207
2016-10-11 04:00:00+00:00,34.2626,134.8593,38.0,25.3
2016-10-11 08:00:00+00:00,34.2708,134.864,2.0,24.95
2016-10-11 08:00:00+00:00,34.2708,134.864,9.0,24.97
2016-10-11 08:00:00+00:00,34.2708,134.864,21.0,25.152
2016-10-11 08:00:00+00:00,34.2708,134.864,22.0,25.251
2016-10-11 08:00:00+00:00,34.2708,134.864,29.0,25.212
2016-10-11 08:00:00+00:00,34.2708,134.864,30.0,25.308
2016-10-11 08:00:00+00:00,34.2708,134.864,31.0,25.215
2016-10-11 08:00:00+00:00,34.2708,134.864,32.0,25.325
2016-10-11 08:00:00+00:00,34.2708,134.864,36.0,25.35
2016-10-11 08:00:00+00:00,34.2708,134.864,39.0,25.262
2016-10-12 04:00:00+00:00,34.2308,134.8932,2.0,24.943
2016-10-12 04:00:00+00:00,34.2308,134.8932,22.0,24.88
2016-10-12 04:00:00+00:00,34.2308,134.8932,26.0,25.073
2016-10-12 04:00:00+00:00,34.2308,134.8932,31.0,25.134
2016-10-12 04:00:00+00:00,34.2308,134.8932,32.0,25.24
2016-10-12 04:00:00+00:00,34.2308,134.8932,33.0,25.152
2016-10-12 04:00:00+00:00,34.2308,134.8932,35.0,25.2
2016-10-12 04:00:00+00:00,34.2308,134.8932,36.0,25.07
2016-10-12 04:00:00+00:00,34.2308,134.8932,37.0,25.138
2016-10-12 04:00:00+00:00,34.2308,134.8932,41.0,24.887
2016-10-14 16:00:00+00:00,34.205,134.9259,2.0,24.41
2016-10-14 16:00:00+00:00,34.205,134.9259,3.0,24.475
2016-10-14 16:00:00+00:00,34.205,134.9259,18.0,24.54
2016-10-14 16:00:00+00:00,34.205,134.9259,19.0,24.613
2016-10-14 16:00:00+00:00,34.205,134.9259,20.0,24.563
2016-10-14 16:00:00+00:00,34.205,134.9259,21.0,24.671
2016-10-14 16:00:00+00:00,34.205,134.9259,24.0,24.761
2016-10-14 16:00:00+00:00,34.205,134.9259,30.0,24.813
2016-10-14 16:00:00+00:00,34.205,134.9259,32.0,24.9
2016-10-14 16:00:00+00:00,34.205,134.9259,33.0,24.817
2016-10-17 08:00:00+00:00,34.0269,134.8382,2.0,24.473
2016-10-17 08:00:00+00:00,34.0269,134.8382,3.0,24.403
2016-10-17 08:00:00+00:00,34.0269,134.8382,4.0,24.38
2016-10-17 08:00:00+00:00,34.0269,134.8382,6.0,24.38
2016-10-17 08:00:00+00:00,34.0269,134.8382,12.0,24.453
2016-10-17 08:00:00+00:00,34.0269,134.8382,17.0,24.491
2016-10-17 08:00:00+00:00,34.0269,134.8382,21.0,24.474
2016-10-17 08:00:00+00:00,34.0269,134.8382,23.0,24.479
2016-10-17 08:00:00+00:00,34.0269,134.8382,24.0,24.5
2016-10-17 08:00:00+00:00,34.0269,134.8382,25.0,24.473
2016-10-19 16:00:00+00:00,34.2047,134.8397,2.0,24.451
2016-10-19 16:00:00+00:00,34.2047,134.8397,4.0,24.465
2016-10-19 16:00:00+00:00,34.2047,134.8397,9.0,24.45
2016-10-19 16:00:00+00:00,34.2047,134.8397,12.0,24.462
2016-10-19 16:00:00+00:00,34.2047,134.8397,13.0,24.454
2016-10-19 16:00:00+00:00,34.2047,134.8397,14.0,24.464
2016-10-19 16:00:00+00:00,34.2047,134.8397,18.0,24.46
2016-10-19 16:00:00+00:00,34.2047,134.8397,24.0,24.492
2016-10-19 16:00:00+00:00,34.2047,134.8397,37.0,24.515
2016-10-19 20:00:00+00:00,34.2029,134.8336,2.0,24.37
2016-10-19 20:00:00+00:00,34.2029,134.8336,4.0,24.421
2016-10-19 20:00:00+00:00,34.2029,134.8336,7.0,24.45
2016-10-19 20:00:00+00:00,34.2029,134.8336,22.0,24.481
2016-10-19 20:00:00+00:00,34.2029,134.8336,23.0,24.5
2016-10-19 20:00:00+00:00,34.2029,134.8336,27.0,24.492
2016-10-19 20:00:00+00:00,34.2029,134.8336,31.0,24.522
2016-10-19 20:00:00+00:00,34.2029,134.8336,32.0,24.507
2016-10-19 20:00:00+00:00,34.2029,134.8336,38.0,24.56
2016-10-20 16:00:00+00:00,34.2092,134.8762,2.0,24.377
2016-10-20 16:00:00+00:00,34.2092,134.8762,3.0,24.31
2016-10-20 16:00:00+00:00,34.2092,134.8762,5.0,24.363
2016-10-20 16:00:00+00:00,34.2092,134.8762,10.0,24.4
2016-10-20 16:00:00+00:00,34.2092,134.8762,11.0,24.373
2016-10-20 16:00:00+00:00,34.2092,134.8762,17.0,24.435
2016-10-20 16:00:00+00:00,34.2092,134.8762,23.0,24.43
2016-10-20 16:00:00+00:00,34.2092,134.8762,28.0,24.486
2016-10-20 16:00:00+00:00,34.2092,134.8762,46.0,24.53
2016-10-20 16:00:00+00:00,34.2092,134.8762,55.0,24.488
2016-10-23 00:00:00+00:00,34.0151,134.8908,2.0,23.99
2016-10-23 00:00:00+00:00,34.0151,134.8908,40.0,24.099
2016-10-23 00:00:00+00:00,34.0151,134.8908,44.0,24.264
2016-10-23 00:00:00+00:00,34.0151,134.8908,45.0,24.99
2016-10-23 00:00:00+00:00,34.0151,134.8908,47.0,24.554
2016-10-23 00:00:00+00:00,34.0151,134.8908,53.0,24.895
2016-10-23 00:00:00+00:00,34.0151,134.8908,55.0,24.221
2016-10-23 00:00:00+00:00,34.0151,134.8908,56.0,24.499
2016-10-23 00:00:00+00:00,34.0151,134.8908,57.0,24.139
2016-10-23 00:00:00+00:00,34.0151,134.8908,62.0,24.021
2016-10-24 00:00:00+00:00,33.9873,134.9244,2.0,23.916
2016-10-24 00:00:00+00:00,33.9873,134.9244,40.0,23.939
2016-10-24 00:00:00+00:00,33.9873,134.9244,47.0,24.135
2016-10-24 00:00:00+00:00,33.9873,134.9244,49.0,24.463
2016-10-24 00:00:00+00:00,33.9873,134.9244,50.0,24.193
2016-10-24 00:00:00+00:00,33.9873,134.9244,52.0,24.683
2016-10-24 00:00:00+00:00,33.9873,134.9244,55.0,24.69
2016-10-24 00:00:00+00:00,33.9873,134.9244,66.0,24.051
2016-10-24 00:00:00+00:00,33.9873,134.9244,67.0,24.241
2016-10-24 00:00:00+00:00,33.9873,134.9244,70.0,23.76
2016-10-24 04:00:00+00:00,33.9882,134.9451,2.0,23.9
2016-10-24 04:00:00+00:00,33.9882,134.9451,42.0,23.979
2016-10-24 04:00:00+00:00,33.9882,134.9451,53.0,24.352
2016-10-24 04:00:00+00:00,33.9882,134.9451,62.0,24.232
2016-10-24 04:00:00+00:00,33.9882,134.9451,63.0,24.42
2016-10-24 04:00:00+00:00,33.9882,134.9451,64.0,24.181
2016-10-24 04:00:00+00:00,33.9882,134.9451,66.0,24.357
2016-10-24 04:00:00+00:00,33.9882,134.9451,67.0,23.943
2016-10-24 04:00:00+00:00,33.9882,134.9451,69.0,24.183
2016-10-24 04:00:00+00:00,33.9882,134.9451,71.0,23.971
2016-10-25 08:00:00+00:00,33.9731,134.93,2.0,23.63
2016-10-25 08:00:00+00:00,33.9731,134.93,23.0,23.999
2016-10-25 08:00:00+00:00,33.9731,134.93,53.0,24.279
2016-10-25 08:00:00+00:00,33.9731,134.93,55.0,24.208
2016-10-25 08:00:00+00:00,33.9731,134.93,56.0,24.35
2016-10-25 08:00:00+00:00,33.9731,134.93,57.0,24.206
2016-10-25 08:00:00+00:00,33.9731,134.93,59.0,24.321
2016-10-25 08:00:00+00:00,33.9731,134.93,64.0,24.242
2016-10-25 08:00:00+00:00,33.9731,134.93,65.0,24.073
2016-10-25 08:00:00+00:00,33.9731,134.93,69.0,24.087
2016-10-25 20:00:00+00:00,33.98,134.9451,2.0,23.67
2016-10-25 20:00:00+00:00,33.98,134.9451,13.0,23.969
2016-10-25 20:00:00+00:00,33.98,134.9451,37.0,24.025
2016-10-25 20:00:00+00:00,33.98,134.9451,40.0,24.112
2016-10-25 20:00:00+00:00,33.98,134.9451,42.0,24.04
2016-10-25 20:00:00+00:00,33.98,134.9451,43.0,24.137
2016-10-25 20:00:00+00:00,33.98,134.9451,47.0,24.1
2016-10-25 20:00:00+00:00,33.98,134.9451,49.0,24.218
2016-10-25 20:00:00+00:00,33.98,134.9451,57.0,24.3
2016-10-25 20:00:00+00:00,33.98,134.9451,69.0,24.068
2016-10-26 00:00:00+00:00,33.9802,134.9438,2.0,23.79
2016-10-26 00:00:00+00:00,33.9802,134.9438,18.0,24.0
2016-10-26 00:00:00+00:00,33.9802,134.9438,40.0,24.043
2016-10-26 00:00:00+00:00,33.9802,134.9438,41.0,24.134
2016-10-26 00:00:00+00:00,33.9802,134.9438,57.0,24.36
2016-10-26 00:00:00+00:00,33.9802,134.9438,63.0,24.351
2016-10-26 00:00:00+00:00,33.9802,134.9438,64.0,24.203
2016-10-26 00:00:00+00:00,33.9802,134.9438,66.0,24.246
2016-10-26 00:00:00+00:00,33.9802,134.9438,67.0,24.116
2016-10-26 00:00:00+00:00,33.9802,134.9438,68.0,24.109
2016-10-28 12:00:00+00:00,33.9312,134.8612,2.0,23.48
2016-10-28 12:00:00+00:00,33.9312,134.8612,6.0,23.503
2016-10-28 12:00:00+00:00,33.9312,134.8612,19.0,23.973
2016-10-28 12:00:00+00:00,33.9312,134.8612,44.0,24.163
2016-10-28 12:00:00+00:00,33.9312,134.8612,48.0,24.33
2016-10-28 12:00:00+00:00,33.9312,134.8612,49.0,24.226
2016-10-28 12:00:00+00:00,33.9312,134.8612,59.0,24.289
2016-10-28 12:00:00+00:00,33.9312,134.8612,62.0,24.206
2016-10-28 12:00:00+00:00,33.9312,134.8612,63.0,24.023
2016-10-28 12:00:00+00:00,33.9312,134.8612,67.0,24.053
2016-10-29 04:00:00+00:00,33.9205,134.8291,2.0,23.78
2016-10-29 04:00:00+00:00,33.9205,134.8291,26.0,23.797
2016-10-29 04:00:00+00:00,33.9205,134.8291,43.0,24.315
2016-10-29 04:00:00+00:00,33.9205,134.8291,44.0,24.205
2016-10-29 04:00:00+00:00,33.9205,134.8291,48.0,24.33
2016-10-29 04:00:00+00:00,33.9205,134.8291,58.0,24.252
2016-10-29 04:00:00+00:00,33.9205,134.8291,63.0,23.985
2016-10-29 04:00:00+00:00,33.9205,134.8291,65.0,24.194
2016-10-29 04:00:00+00:00,33.9205,134.8291,66.0,23.957
2016-10-29 04:00:00+00:00,33.9205,134.8291,68.0,24.004
2016-11-01 08:00:00+00:00,33.8618,134.8445,2.0,22.883
2016-11-01 08:00:00+00:00,33.8618,134.8445,51.0,23.107
2016-11-01 08:00:00+00:00,33.8618,134.8445,57.0,23.37
2016-11-01 08:00:00+00:00,33.8618,134.8445,58.0,23.14
2016-11-01 08:00:00+00:00,33.8618,134.8445,60.0,23.336
2016-11-01 08:00:00+00:00,33.8618,134.8445,61.0,23.017
2016-11-01 08:00:00+00:00,33.8618,134.8445,63.0,22.853
2016-11-01 08:00:00+00:00,33.8618,134.8445,65.0,22.853
2016-11-01 08:00:00+00:00,33.8618,134.8445,66.0,22.633
2016-11-01 12:00:00+00:00,33.8552,134.8435,2.0,22.851
2016-11-01 12:00:00+00:00,33.8552,134.8435,30.0,22.951
2016-11-01 12:00:00+00:00,33.8552,134.8435,39.0,23.191
2016-11-01 12:00:00+00:00,33.8552,134.8435,43.0,23.223
2016-11-01 12:00:00+00:00,33.8552,134.8435,54.0,23.69
2016-11-01 12:00:00+00:00,33.8552,134.8435,59.0,23.487
2016-11-01 12:00:00+00:00,33.8552,134.8435,61.0,22.682
2016-11-01 12:00:00+00:00,33.8552,134.8435,62.0,22.682
2016-11-01 12:00:00+00:00,33.8552,134.8435,64.0,22.49
2016-11-01 12:00:00+00:00,33.8552,134.8435,66.0,22.72
2016-11-02 12:00:00+00:00,33.8315,134.8523,2.0,22.59
2016-11-02 12:00:00+00:00,33.8315,134.8523,10.0,22.662
2016-11-02 12:00:00+00:00,33.8315,134.8523,20.0,22.828
2016-11-02 12:00:00+00:00,33.8315,134.8523,26.0,22.816
2016-11-02 12:00:00+00:00,33.8315,134.8523,38.0,22.891
2016-11-02 12:00:00+00:00,33.8315,134.8523,40.0,22.977
2016-11-02 12:00:00+00:00,33.8315,134.8523,43.0,22.914
2016-11-02 12:00:00+00:00,33.8315,134.8523,52.0,22.98
2016-11-02 12:00:00+00:00,33.8315,134.8523,53.0,22.891
2016-11-02 12:00:00+00:00,33.8315,134.8523,59.0,22.906
